{
    "0": {
        "std": 54.406569550997226,
        "mean": 129.28474989119164
    },
    "1": {
        "std": 53.00616681729607,
        "mean": 126.90643062427664
    },
    "2": {
        "std": 54.976869510902006,
        "mean": 121.06599583875868
    }
}