{
    "0": {
        "std": 20.612032963979473,
        "mean": 52.48801605382154
    },
    "1": {
        "std": 9.296343784997708,
        "mean": 0.9482569241811322
    },
    "2": {
        "std": 13.035800828086169,
        "mean": 3.9176581607263614
    }
}