{
    "0": {
        "mean": 45.37499915746121,
        "std": 23.93482757799629
    },
    "1": {
        "mean": 1.4866053263536085,
        "std": 8.200671995147365
    },
    "2": {
        "mean": 5.4356939922691545,
        "std": 12.89673607189678
    }
}