{
    "0": {
        "mean": 113.4370718468651,
        "std": 61.72826418414719
    },
    "1": {
        "mean": 109.32678326100518,
        "std": 60.26466122650882
    },
    "2": {
        "mean": 101.37443781610584,
        "std": 62.32858975855542
    }
}