{
    "0": {
        "mean": 45.98908731719852,
        "std": 24.934987590752787
    },
    "1": {
        "mean": 2.725276182638879,
        "std": 9.560416544841265
    },
    "2": {
        "mean": 7.324531672685204,
        "std": 13.64034773680053
    }
}