{
    "0": {
        "mean": 118.12676550667638,
        "std": 63.96736572473521
    },
    "1": {
        "mean": 109.90980126104267,
        "std": 63.08974293751382
    },
    "2": {
        "mean": 99.58996668781822,
        "std": 64.11811560256682
    }
}